{
  "train_scores": [
    1271.252078819901,
    1282.6059905417571,
    1269.2314449744495,
    1282.5124684722985,
    1271.7451569417444
  ],
  "val_scores": [
    3209.7265510250445,
    3245.362187063035,
    3260.938494964668,
    3260.938494964671,
    3260.9384949646674
  ]
}