{
  "train_scores": [
    266.92915908783476,
    266.4669888403214,
    266.9934211278133,
    279.781039911009,
    269.53744857646564
  ],
  "val_scores": [
    222.69058112673514,
    223.58587576784635,
    230.31457980767846,
    222.69058112673514,
    221.5306148784241
  ]
}